row_id,variant,video_id,HUMAN_ground_truth_explanation,AI_explanation,human_C (1-5),human_S (1-5),human_Co (1-5),human_F (1-5),GPT_C_HIDE_until_done,GPT_S_HIDE,GPT_Co_HIDE,GPT_F_HIDE
1,zero-shot,12_0142,A person in a gray shirt is riding a bicycle in a pedestrian area where cycling is not allowed.,"An anomalous event occurs in a public plaza where a person on a bicycle enters the scene and rides across the paved area, intersecting with pedestrians, including a couple pushing a stroller. This behavior is anomalous because cycling is typically restricted or uncommon in pedestrian zones, and the cyclist's movement disrupts the normal walking flow. The anomaly peaks around snippets 7–9 and gradually resolves as the cyclist exits the frame and pedestrians continue walking normally by snippet 36.",,,,,5,5,5,5
2,rag,01_0015,"A person in a red shirt is skateboarding in a pedestrian-only area where skateboarding is not allowed, followed by another person in a white shirt who is also skateboarding.","The video shows a pedestrian area with several individuals walking normally, including a person in a patterned shirt and jeans walking across the center, and others in the background. The anomaly scores are low (0.4034 and 0.3180), indicating no significant anomalous activity such as cycling or using a trolley. The behavior observed is consistent with normal pedestrian movement, and no clear deviation from expected activity is present.",,,,,1,1,1,4
3,lora_v1,01_0053,A person in a red shirt is driving a tricycle in a pedestrian area where such vehicles are not allowed.,"A green three-wheeled utility vehicle, driven by a man in a red shirt, enters the paved plaza from the left and drives across the area, which is unusual as the space is designated for pedestrian use. The vehicle's presence and movement through the pedestrian zone, where people are walking normally, constitutes the anomaly, as motorized vehicles are not expected in this environment. The anomaly peaks from snippet 6 to snippet 16 as the vehicle traverses the plaza, and then resolves as it exits the frame.",,,,,4,5,4,5
4,lora_v3,12_0174,A girl in a white shirt is riding a bicycle in a pedestrian area where cycling is not allowed.,"A man in a white shirt and dark shorts, carrying a backpack, walks across a paved plaza. Around snippet 5, a cyclist on a small bicycle enters the scene from the left and rides across the plaza in the same direction as the man, passing him. The anomaly peaks when both individuals are present and moving simultaneously, which is unusual for this quiet, low-traffic area where pedestrian and cyclist interactions are rare. The anomaly subsides as the cyclist exits the frame by snippet 16, returning to normal pedestrian-only activity.",,,,,2,5,2,5
5,lora_v3,01_0027,A person in black shirt pushed a person in white shirt while running,"A group of four young males walks across a paved plaza in a coordinated, side-by-side formation, moving from right to left across the frame. This behavior is anomalous because it deviates from typical pedestrian patterns, which usually involve individuals or small groups walking independently or in loose clusters, rather than maintaining a synchronized, parallel formation over an extended period. The anomaly peaks between snippets 12 and 14, then gradually resolves as the group disperses and exits the scene.",,,,,1,1,1,4
6,lora_v1,01_0139,A person in a blue shirt is riding a bicycle in a pedestrian-only area where cycling is not allowed.,"A boy in a blue shirt rides a bicycle across a pedestrian plaza, which is anomalous because cycling is not permitted in this area designated for walking. The anomaly peaks when the boy is in the center of the plaza (snippet 7, score 1.000) and continues as he rides toward the right edge (snippet 10, score 0.999), deviating from normal pedestrian behavior.",,,,,5,5,5,5
7,lora_v1,01_0056,A girl in a white shirt is skateboarding in a pedestrian area.,"A boy in a light green shirt and dark shorts is walking across a paved plaza while holding a red object, possibly a toy or small bag, in his right hand. This behavior is anomalous because, in a typical pedestrian environment, individuals do not usually walk while holding a small object in a manner that suggests it is being used as a prop or toy, especially in an open public space where such activity is uncommon. The anomaly occurs in snippets 23-24, with the highest score in snippet 24, indicating the peak of the unusual behavior.",,,,,1,3,1,4
8,lora_v1,03_0031,A person in a red shirt snatch a bag from a pedestrian in a blue shirt and runs away.,"Two men are walking across a pedestrian crossing, but then suddenly start running in the same direction, which is unusual behavior for a pedestrian crossing.",,,,,2,2,2,4
9,zero-shot,12_0151,A girl in a white shirt is riding a bicycle in a pedestrian area where cycling is not allowed.,"A man in a yellow shirt walks across a paved plaza, initially alone, but as the sequence progresses, a woman on a bicycle enters from the background and rides directly across the plaza, passing close to the man. The anomaly peaks when the cyclist moves through the central area of the plaza, which is typically a pedestrian zone, and the man continues walking without reacting. This is anomalous because cycling through a pedestrian plaza is a deviation from expected behavior in such a space, especially when it involves close proximity to pedestrians without yielding or slowing down.",,,,,4,4,3,5
10,lora_v3,01_0051,A person in grey shirt and another person in mint/lightgreen shirt are riding two different bicycles in a pedestrian-only area where cycling is not allowed.,"A man on a bicycle enters the paved plaza from the left and rides across the area, passing two pedestrians who are walking on the right side. The anomaly begins around snippet 2 (frame 40) as the cyclist appears, peaks between snippets 7–14 (frames 120–232) as he traverses the space, and resolves by snippet 20 (frame 328) as he exits. This is anomalous because cycling is unexpected in a pedestrian-only plaza, creating a safety risk and violating typical behavior patterns in such a public space.",,,,,3,3,3,5
11,rag,08_0080,A person in a black shirt with a backpack is skateboarding in a pedestrian area where skateboarding is not allowed.,"A person wearing a dark shirt and carrying a backpack is skateboarding along a pedestrian walkway, an activity that is inappropriate for this area designated for walking. The individual moves through the space while other pedestrians walk normally nearby, making the skateboarding behavior stand out as disruptive and anomalous. The anomaly peaks in the middle frames and begins to resolve as the skater moves out of view.",,,,,5,5,5,5
12,rag,03_0032,A person in a white shirt pushes a person in a light mint-green shirt to the ground; the pushed person stands up and starts walking.,"A man in a light green shirt and grey shorts suddenly falls to the ground in the middle of the road, then quickly gets up and playfully pushes another man in a red shirt, who stumbles back. This interaction occurs while other pedestrians walk normally across the crosswalk. The behavior is anomalous because it involves unexpected physical contact and playful aggression in a public roadway, disrupting normal pedestrian flow.",,,,,2,3,2,4
13,lora_v3,04_0046,"A person in a black shirt repeatedly throws a bag into the air in a pedestrian area, which is abnormal behavior.","A group of four individuals enters the scene from the right and walks across a paved plaza. One person in a dark shirt and shorts performs an unusual, exaggerated motion—appearing to throw or swing an object—while the others walk normally. This erratic behavior, particularly the sudden, non-pedestrian motion, is flagged as anomalous and peaks around snippets 19-23 before the group exits the frame. The anomaly is detected because such dynamic, uncoordinated movement deviates from typical walking patterns in a public space.",,,,,4,4,3,5
14,rag,02_0161,"Two people, one in a white shirt and one in a blue shirt, are riding a bicycle in a pedestrian area where cycling is not allowed.","A person wearing a dark blue shirt and carrying a backpack is riding a bicycle with a front basket across a pedestrian pathway in front of a store. This occurs in a zone designated for walking, where cycling is not permitted, making the activity anomalous. The rider moves from the right side of the frame toward the left, passing near pedestrians who are walking normally, highlighting the inappropriate use of the bicycle in this restricted area.",,,,,3,4,3,5
15,rag,01_0135,A white minivan with black tinted windows is being driven through a pedestrian area where vehicles are not allowed.,"A silver minivan drives through a pedestrian-only area, entering from the left and moving across the paved walkway. The vehicle passes a person walking in the area, creating a hazardous situation as motor vehicles are not permitted in this zone. The anomaly peaks as the van traverses the center of the pathway, then exits to the right, with the anomaly score dropping as it leaves the scene.",,,,,4,5,4,5
16,zero-shot,12_0174,A girl in a white shirt is riding a bicycle in a pedestrian area where cycling is not allowed.,"A man in a white shirt and dark shorts walks across a paved plaza, initially alone, then a woman on a small bicycle enters from the left and rides past him. The anomaly peaks when the cyclist passes close to the man, who continues walking without interaction, suggesting an unusual or unexpected proximity between a pedestrian and cyclist in a public space. The anomaly begins around snippet 0 and resolves by snippet 18, with the highest scores occurring when both individuals are in the frame together, indicating the system flagged the co-occurrence and close passage as atypical for normal pedestrian behavior.",,,,,3,4,3,4
17,zero-shot,10_0042,"Two people, one in a white shirt and another in a white shirt with pink stripes, are riding a scooter in a pedestrian area where motor vehicles are not allowed.","A man in a black t-shirt and dark shorts is seen walking across a paved plaza, moving from the right side toward the center. His motion appears erratic and uncoordinated, with sudden shifts in direction and pace, which deviates from normal pedestrian behavior. The anomaly occurs between snippets 7 and 16, peaking around snippet 7, and is flagged due to this unusual gait and movement pattern in an otherwise calm public space.",,,,,1,3,1,4
18,zero-shot,08_0158,"At the beginning, a person is cycling in a pedestrian area where cycling is not allowed; later, a person in a white shirt with a backpack is running in the same area.","An anomalous event occurs when a man in a white shirt and dark pants, carrying a black bag, walks erratically across a pedestrian plaza, deviating from the normal flow of foot traffic. He appears to be moving with unusual urgency or disorientation, particularly noticeable in snippets 4-5 and 12, where he is seen walking alone and at an angle relative to other pedestrians who are moving in consistent, purposeful directions. This behavior is anomalous because it disrupts the typical pattern of orderly, goal-directed pedestrian movement in a public space.",,,,,2,3,2,4
19,lora_v3,04_0012,"A person in a white shirt is moving in circles, which is abnormal behavior in a pedestrian area.","A man in a white shirt and light-colored pants is seen walking erratically and alone across a public plaza, deviating from normal pedestrian behavior by moving in an uncoordinated, zigzagging pattern. This unusual movement begins around snippet 3 and peaks in snippets 7–16, where he is the sole focus of the anomaly, while other pedestrians walk normally in the background. The anomaly resolves by snippet 18 as he continues walking but with less erratic motion, suggesting a transient abnormal behavior that stands out from the otherwise calm, orderly environment.",,,,,5,5,5,5
20,lora_v1,01_0141,A girl in a white shirt with a blue bag is skateboarding in a pedestrian area.,"A girl is riding a skateboard while holding a phone, which is unusual behavior in a pedestrian area where skateboarding is typically not allowed or expected. She is moving in the same direction as two boys walking, but her mode of transportation and distraction from the phone make her behavior anomalous compared to normal pedestrian activity. The anomaly occurs in snippets 10-12, with the highest score at snippet 12, indicating the peak of the unusual activity.",,,,,3,3,4,4
